{
  "project_info": {
    "project_number": "418943533562",
    "project_id": "drivingappli",
    "storage_bucket": "drivingappli.firebasestorage.app"
  },
  "client": [
    {
      "client_info": {
        "mobilesdk_app_id": "1:418943533562:android:c90c007776778163bea443",
        "android_client_info": {
          "package_name": "com.example.drivingappli"
        }
      },
      "oauth_client": [],
      "api_key": [
        {
          "current_key": "AIzaSyDUAe3QiTtNQTveYmKyRl04tILZkpwTJMU"
        }
      ],
      "services": {
        "appinvite_service": {
          "other_platform_oauth_client": []
        }
      }
    }
  ],
  "configuration_version": "1"
}